City,Lat,Lng,Max Temp,Humidity,Cloudiness,Wind Speed,Country,Date
Hanzhong,33.0728,107.0303,54.0,70,84.0,2.06,CN,1680033101.0
Machakos,-1.5167,37.2667,69.75,90,100.0,2.35,KE,1680033102.0
Busselton,-33.65,115.3333,55.06,78,64.0,11.63,AU,1680032934.0
Saint Paul Harbor,57.79,-152.4072,36.91,75,0.0,4.61,US,1680033102.0
Bicester,51.9,-1.1536,47.14,91,100.0,13.8,GB,1680033102.0
Muros,42.7762,-9.0603,56.12,74,31.0,7.05,ES,1680033102.0
Butaritari,3.0707,172.7902,81.45,80,29.0,14.36,KI,1680033102.0
Cuamba,-14.8031,36.5372,66.81,97,69.0,3.78,MZ,1680033102.0
Upernavik,72.7868,-56.1549,-14.49,91,34.0,8.5,GL,1680033103.0
Mataura,-46.1927,168.8643,44.47,80,49.0,1.32,NZ,1680033103.0
Avarua,-21.2078,-159.775,80.65,89,75.0,9.22,CK,1680033103.0
Thompson,55.7435,-97.8558,8.76,56,100.0,9.22,CA,1680033103.0
Albert Lea,43.648,-93.3683,39.96,48,0.0,12.66,US,1680033092.0
Narsaq,60.9167,-46.05,27.61,70,23.0,4.07,GL,1680033103.0
Castro,-24.7911,-50.0119,71.8,83,38.0,2.44,BR,1680033065.0
Vallenar,-28.5708,-70.7581,84.2,37,0.0,9.22,CL,1680033104.0
Morondava,-20.2833,44.2833,78.28,62,99.0,12.39,MG,1680033043.0
Saskylakh,71.9167,114.0833,-18.71,96,92.0,7.67,RU,1680033104.0
Constitución,-35.3333,-72.4167,65.14,77,35.0,11.7,CL,1680032967.0
Albany,42.6001,-73.9662,49.59,46,23.0,3.0,US,1680033104.0
Punta Arenas,-53.15,-70.9167,44.71,57,40.0,17.27,CL,1680032955.0
Ushuaia,-54.8,-68.3,38.86,70,40.0,18.41,AR,1680032926.0
Tasiilaq,65.6145,-37.6368,3.79,78,0.0,3.0,GL,1680033105.0
East London,-33.0153,27.9116,70.23,77,67.0,6.38,ZA,1680033105.0
Barrow,71.2906,-156.7887,1.42,85,0.0,12.66,US,1680033105.0
Mahibadhoo,3.7833,72.9667,81.99,72,84.0,0.29,MV,1680033105.0
Hasaki,35.7333,140.8333,48.22,75,78.0,13.24,JP,1680033105.0
Jamestown,42.097,-79.2353,46.53,53,75.0,11.5,US,1680033085.0
Souillac,-20.5167,57.5167,75.58,83,20.0,1.14,MU,1680033105.0
Rikitea,-23.1203,-134.9692,80.19,75,100.0,11.77,PF,1680033106.0
Panzhihua,26.5851,101.7128,55.51,83,15.0,1.39,CN,1680033106.0
Hermanus,-34.4187,19.2345,60.8,84,100.0,11.79,ZA,1680033003.0
Piaçabuçu,-10.4056,-36.4344,80.49,75,11.0,10.4,BR,1680033106.0
Hobyo,5.3505,48.5268,82.74,75,34.0,13.78,SO,1680033106.0
Leningradskiy,69.3833,178.4167,1.17,81,0.0,7.38,RU,1680032979.0
Cape Town,-33.9258,18.4232,64.09,81,100.0,8.99,ZA,1680032882.0
Dukat,62.55,155.55,-5.64,88,4.0,7.65,RU,1680033107.0
Vaini,-21.2,-175.2,77.16,94,20.0,1.14,TO,1680032927.0
Tomatlán,19.9333,-105.25,88.66,40,0.0,12.64,MX,1680033107.0
Mildura,-34.2,142.15,60.08,92,0.0,13.91,AU,1680033107.0
Puerto Ayora,-0.7393,-90.3518,87.76,86,57.0,5.99,EC,1680033071.0
Qaanaaq,77.484,-69.3632,-8.27,70,90.0,4.56,GL,1680032942.0
Pathein,16.7833,94.7333,72.7,88,11.0,6.85,MM,1680033107.0
Geraldton,-28.7667,114.6,73.81,64,73.0,12.66,AU,1680033108.0
Liwale,-9.7667,37.9333,69.35,99,100.0,4.61,TZ,1680033108.0
Marawi,7.9986,124.2928,69.13,98,100.0,1.32,PH,1680033049.0
Tulun,54.5611,100.5792,34.47,93,100.0,6.11,RU,1680033108.0
Nanning,22.8167,108.3167,57.65,90,100.0,4.47,CN,1680033108.0
Laguna,38.421,-121.4238,52.07,84,100.0,18.41,US,1680032837.0
Belmonte,-15.8631,-38.8828,80.53,72,13.0,7.94,BR,1680033108.0
Waingapu,-9.6567,120.2641,77.29,85,100.0,5.06,ID,1680033109.0
Tateyama,34.9833,139.8667,51.87,81,86.0,15.08,JP,1680033109.0
Atuona,-9.8,-139.0333,80.82,76,32.0,14.36,PF,1680033109.0
Plainview,40.7765,-73.4673,52.75,55,100.0,9.22,US,1680032924.0
Hithadhoo,-0.6,73.0833,82.69,74,100.0,3.6,MV,1680033109.0
Olinda,-8.0089,-34.8553,83.93,65,20.0,12.66,BR,1680033110.0
Deputatsky,69.3,139.9,-18.72,98,75.0,7.58,RU,1680033110.0
Coolum Beach,-26.5333,153.1,71.11,93,92.0,6.24,AU,1680033110.0
Macaé,-22.3708,-41.7869,82.15,74,100.0,5.75,BR,1680033110.0
Pevek,69.7008,170.3133,0.64,80,13.0,17.36,RU,1680033110.0
Dhidhdhoo,6.8833,73.1,81.73,74,35.0,3.69,MV,1680033110.0
Gribanovskiy,51.4579,41.9764,48.9,61,100.0,13.69,RU,1680033111.0
Louis Trichardt,-23.0439,29.9032,59.38,76,0.0,3.74,ZA,1680033111.0
Swan Hill,-35.3378,143.5544,60.8,90,83.0,4.7,AU,1680033111.0
Arraial do Cabo,-22.9661,-42.0278,80.56,78,75.0,8.05,BR,1680032912.0
Thinadhoo,0.5333,72.9333,82.27,76,90.0,2.66,MV,1680033111.0
Vestmannaeyjar,63.4427,-20.2734,35.26,69,100.0,25.59,IS,1680033111.0
Port Alfred,-33.5906,26.891,65.86,75,100.0,18.23,ZA,1680032923.0
New Norfolk,-42.7826,147.0587,55.9,91,79.0,2.53,AU,1680033112.0
Vanimo,-2.6741,141.3028,76.91,86,100.0,2.48,PG,1680033112.0
Palkovice,49.6347,18.3151,34.12,77,75.0,4.61,CZ,1680033112.0
Fort Nelson,58.8053,-122.7002,42.94,35,75.0,5.75,CA,1680033112.0
Koungou,-12.7336,45.2042,80.31,89,0.0,2.3,YT,1680033112.0
Carutapera,-1.195,-46.02,78.44,90,81.0,5.91,BR,1680033112.0
Mahébourg,-20.4081,57.7,75.49,83,20.0,1.14,MU,1680033113.0
Bluff,-46.6,168.3333,44.8,65,94.0,8.63,NZ,1680032931.0
Longyearbyen,78.2186,15.6401,-5.08,97,78.0,3.38,SJ,1680033113.0
Port Keats,-14.25,129.55,76.32,82,97.0,4.59,AU,1680032952.0
Fortuna,40.5982,-124.1573,48.54,92,99.0,12.12,US,1680033113.0
Tuktoyaktuk,69.4541,-133.0374,19.4,93,100.0,5.75,CA,1680032946.0
Xai-Xai,-25.0519,33.6442,65.98,77,0.0,7.14,MZ,1680033113.0
Road Town,18.4167,-64.6167,84.29,69,40.0,10.36,VG,1680033023.0
Lebu,-37.6167,-73.65,59.04,65,4.0,9.08,CL,1680033114.0
Balad,34.0164,44.1453,66.34,49,0.0,2.08,IQ,1680033114.0
Kawalu,-7.3817,108.2082,72.7,96,100.0,1.3,ID,1680033114.0
Ponta do Sol,32.6667,-17.1,75.13,18,83.0,4.41,PT,1680032999.0
Florø,61.5996,5.0328,33.76,80,40.0,8.05,NO,1680033115.0
Kapaa,22.0752,-159.319,77.32,83,75.0,12.66,US,1680033109.0
Bereda,43.2686,-7.5406,54.01,79,93.0,2.77,ES,1680033115.0
Chokurdakh,70.6333,147.9167,6.33,92,100.0,19.71,RU,1680033115.0
Katsuura,35.1333,140.3,52.25,83,87.0,11.43,JP,1680033115.0
Faya,18.3851,42.4509,59.52,56,95.0,1.41,SA,1680033115.0
Vadsø,70.0744,29.7487,22.08,79,0.0,13.8,NO,1680033116.0
Hilo,19.7297,-155.09,79.29,76,0.0,11.5,US,1680033116.0
Māgadi,12.9667,77.2333,76.93,60,30.0,7.78,IN,1680033116.0
Khatanga,71.9667,102.5,-9.36,96,100.0,13.0,RU,1680033116.0
Port Hedland,-20.3167,118.5667,80.65,89,65.0,0.0,AU,1680033117.0
Vangaindrano,-23.35,47.6,70.68,73,86.0,8.01,MG,1680033117.0
The Valley,18.217,-63.0578,84.06,65,40.0,12.66,AI,1680033035.0
Hobart,-42.8794,147.3294,56.26,98,20.0,8.05,AU,1680033117.0
Lorengau,-2.0226,147.2712,79.45,79,23.0,1.95,PG,1680033117.0
Beloha,-25.1667,45.05,63.97,68,0.0,5.32,MG,1680033118.0
Banjarmasin,-3.3244,114.591,75.34,97,100.0,2.42,ID,1680032828.0
Lipari,38.4674,14.954,57.2,39,17.0,11.05,IT,1680033118.0
Iqaluit,63.7506,-68.5145,15.53,78,100.0,11.5,CA,1680033118.0
Sittwe,20.15,92.9,76.86,88,71.0,6.51,MM,1680033119.0
Uni,57.7535,51.4923,30.38,81,100.0,10.2,RU,1680033119.0
Turukhansk,65.8167,87.9833,-1.73,91,100.0,6.11,RU,1680033119.0
Kupang,-10.1667,123.5833,76.46,86,100.0,3.38,ID,1680033119.0
Korla,41.7597,86.1469,53.31,22,12.0,3.76,CN,1680033119.0
Lincoln,40.8,-96.667,51.15,41,0.0,16.11,US,1680032929.0
Ambon City,-3.6954,128.1814,75.34,94,40.0,4.61,ID,1680033120.0
Channel-Port aux Basques,47.5702,-59.1367,34.11,86,100.0,6.85,CA,1680033120.0
Katherine,-14.4667,132.2667,71.92,83,89.0,0.0,AU,1680033120.0
Paraná,-31.732,-60.5238,89.55,51,0.0,8.12,AR,1680033104.0
Chui,-33.6971,-53.4616,77.76,46,21.0,7.74,UY,1680033120.0
Rāzole,16.4833,81.8333,77.31,85,24.0,4.05,IN,1680033120.0
Salalah,17.0151,54.0924,79.79,83,89.0,7.58,OM,1680033120.0
Teknāf,20.8624,92.3058,74.98,91,34.0,3.44,BD,1680033121.0
Kalmunai,7.4167,81.8167,76.39,79,34.0,3.22,LK,1680033121.0
Kristiansund,63.1115,7.732,32.65,40,0.0,11.5,NO,1680033121.0
Tiksi,71.6872,128.8694,-13.02,97,94.0,11.72,RU,1680032969.0
Takoradze,4.8845,-1.7554,81.66,81,18.0,9.24,GH,1680032959.0
Kiryat Gat,31.61,34.7642,69.4,39,0.0,4.14,IL,1680033122.0
Tuatapere,-46.1333,167.6833,40.51,77,25.0,4.43,NZ,1680033034.0
São José da Coroa Grande,-8.8978,-35.1478,80.69,77,8.0,9.48,BR,1680033123.0
Oxapampa,-10.5775,-75.4017,72.05,58,96.0,4.79,PE,1680033123.0
Manhumirim,-20.3578,-41.9581,72.82,93,100.0,2.33,BR,1680033123.0
Poum,-20.2333,164.0167,79.09,77,92.0,15.19,NC,1680033124.0
Codrington,-38.2667,141.9667,55.15,85,39.0,8.12,AU,1680032984.0
Ostrovnoy,68.0531,39.5131,9.52,94,76.0,9.26,RU,1680033056.0
Bandarbeyla,9.4942,50.8122,80.91,78,3.0,7.11,SO,1680033125.0
Talnakh,69.4865,88.3972,-15.05,98,100.0,7.05,RU,1680033125.0
Arlit,18.7369,7.3853,79.3,8,0.0,9.33,NE,1680033126.0
Dingle,10.9995,122.6711,75.18,91,100.0,7.11,PH,1680032997.0
Jumla,29.2747,82.1838,40.82,81,14.0,4.5,NP,1680033126.0
Ronse,50.7505,3.6049,46.65,71,100.0,10.87,BE,1680033126.0
Thunder Bay,48.4001,-89.3168,26.58,28,75.0,10.36,CA,1680033080.0
Comodoro Rivadavia,-45.8667,-67.5,60.66,23,0.0,17.27,AR,1680033127.0
Malé,4.1748,73.5089,82.35,89,40.0,3.44,MV,1680033106.0
Vila Franca do Campo,37.7167,-25.4333,59.41,91,100.0,21.97,PT,1680033127.0
Kutum,14.2,24.6667,72.91,18,56.0,9.17,SD,1680033128.0
Goderich,43.7501,-81.7165,39.52,75,89.0,5.75,CA,1680033128.0
Nikolskoye,59.7035,30.7861,33.78,98,100.0,5.75,RU,1680032993.0
Bredasdorp,-34.5322,20.0403,62.29,81,59.0,9.78,ZA,1680033067.0
Itarema,-2.9248,-39.9167,79.63,82,94.0,7.63,BR,1680033129.0
Clyde River,70.4692,-68.5914,-7.37,77,75.0,0.0,CA,1680033129.0
Esperance,-33.8667,121.9,59.49,86,57.0,6.64,AU,1680033037.0
Petropavlovsk-Kamchatskiy,53.0452,158.6483,27.19,54,75.0,8.95,RU,1680033129.0
Mandalgovi,45.7625,106.2708,34.92,32,5.0,4.65,MN,1680033130.0
Bengkulu,-3.8004,102.2655,76.01,90,99.0,5.64,ID,1680033130.0
Carnarvon,-24.8667,113.6333,75.22,71,97.0,5.01,AU,1680033002.0
Pisco,-13.7,-76.2167,80.65,69,0.0,11.5,PE,1680033130.0
Nanortalik,60.1432,-45.2371,31.32,78,15.0,5.28,GL,1680032999.0
Igbo-Ora,7.4333,3.2833,82.18,68,90.0,9.6,NG,1680033131.0
Bethel,41.3712,-73.414,51.03,45,100.0,11.5,US,1680033000.0
Yulara,-25.2406,130.9889,70.45,70,98.0,10.11,AU,1680033132.0
Tambacounda,13.7539,-13.7586,102.25,10,0.0,2.3,SN,1680033132.0
Moose Factory,51.2585,-80.6094,23.0,63,0.0,14.97,CA,1680033132.0
Lovozero,68.005,35.0117,7.05,89,14.0,6.06,RU,1680033132.0
Gimli,50.6336,-96.9907,17.62,49,100.0,8.05,CA,1680033133.0
Lompoc,34.6391,-120.4579,67.78,60,75.0,5.75,US,1680033133.0
Dunedin,-45.8742,170.5036,45.81,74,100.0,5.99,NZ,1680033133.0
Provideniya,64.3833,-173.3,23.31,96,100.0,5.57,RU,1680033133.0
Kununurra,-15.7667,128.7333,73.38,88,100.0,2.3,AU,1680033134.0
New Ulm,44.3125,-94.4605,38.43,70,0.0,12.66,US,1680032602.0
Byron Bay,-28.65,153.6167,68.7,84,100.0,4.92,AU,1680033134.0
Poção de Pedras,-4.6667,-44.85,81.86,88,73.0,2.71,BR,1680033134.0
Sirte,31.2089,16.5887,61.16,69,0.0,13.82,LY,1680033135.0
Opuwo,-18.0607,13.84,69.22,73,99.0,1.57,NA,1680033135.0
Lubango,-14.9172,13.4925,62.46,100,100.0,3.44,AO,1680033136.0
Oulu,65.0124,25.4682,23.22,81,100.0,11.5,FI,1680033136.0
Lensk,60.7253,114.9278,17.92,95,100.0,7.43,RU,1680033136.0
Bariloche,-41.1456,-71.3082,53.35,40,40.0,28.77,AR,1680033137.0
Kumul,42.8,93.45,54.39,17,5.0,7.0,CN,1680033137.0
Kolondiéba,11.0882,-6.8926,90.32,33,100.0,5.37,ML,1680033138.0
Kaitangata,-46.2817,169.8464,42.55,71,100.0,1.21,NZ,1680032955.0
Torbay,47.6666,-52.7314,35.28,86,100.0,17.27,CA,1680033139.0
Soroti,1.7146,33.6111,66.27,91,99.0,3.24,UG,1680033139.0
Ancud,-41.8697,-73.8203,51.21,89,100.0,22.64,CL,1680033139.0
Quatre Cocos,-20.2078,57.7625,75.31,80,41.0,7.07,MU,1680033139.0
Erdenet,49.0333,104.0833,33.91,46,30.0,3.89,MN,1680033140.0
Dinghaicun,26.2847,119.7936,54.52,78,100.0,11.95,CN,1680033140.0
Āsosa,10.0667,34.5333,72.57,21,62.0,3.96,ET,1680033141.0
Ahipara,-35.1667,173.1667,62.35,58,30.0,11.5,NZ,1680033141.0
Fukuechō,32.6881,128.8419,56.88,54,99.0,10.2,JP,1680032992.0
Port-Cartier,50.0334,-66.8654,35.74,93,100.0,2.59,CA,1680033141.0
Lavrentiya,65.5833,-171.0,21.92,95,100.0,10.8,RU,1680033142.0
Umm Kaddadah,13.6017,26.6876,74.43,14,24.0,11.5,SD,1680033142.0
Leh,34.1667,77.5833,16.81,74,95.0,2.37,IN,1680033143.0
Dongsheng,39.8161,109.9776,39.63,21,13.0,1.34,CN,1680033144.0
Puebla,18.8333,-98.0,84.18,25,0.0,9.1,MX,1680033010.0
Kavaratti,10.5669,72.642,80.78,72,14.0,5.68,IN,1680033144.0
Atar,20.5169,-13.0499,89.26,7,3.0,9.82,MR,1680033144.0
Saint-Philippe,-21.3585,55.7679,74.79,69,100.0,4.21,RE,1680033145.0
Jaisalmer,26.9147,70.9181,78.96,34,1.0,17.83,IN,1680033145.0
Richards Bay,-28.783,32.0377,70.14,64,4.0,15.46,ZA,1680033146.0
Nyurba,63.2842,118.3319,1.67,92,99.0,8.55,RU,1680033146.0
Itapetinga,-15.2489,-40.2478,86.63,40,99.0,9.17,BR,1680033147.0
Flinders,-34.5833,150.8552,67.17,90,90.0,3.0,AU,1680033147.0
Båtsfjord,70.6345,29.7185,28.33,100,75.0,2.3,NO,1680033147.0
Ribeira Grande,38.5167,-28.7,59.4,77,40.0,18.99,PT,1680033147.0
Tandil,-37.3217,-59.1332,85.32,37,89.0,13.09,AR,1680033148.0
Rafai,4.95,23.9167,74.05,72,94.0,1.95,CF,1680033148.0
Sakata,38.9167,139.855,39.52,66,1.0,3.09,JP,1680033149.0
Houndé,11.5,-3.5167,88.86,38,81.0,7.25,BF,1680033149.0
Mar del Plata,-38.0023,-57.5575,84.94,48,0.0,19.57,AR,1680032941.0
Touros,-5.1989,-35.4608,79.74,78,96.0,8.08,BR,1680033150.0
Pak Phanang,8.3511,100.202,80.1,79,79.0,3.78,TH,1680033150.0
Kaeo,-35.1,173.7833,57.33,92,55.0,7.78,NZ,1680033150.0
Burns Lake,54.2331,-125.7533,38.62,74,12.0,1.28,CA,1680033151.0
Chipinge,-20.1883,32.6236,57.51,92,51.0,3.02,ZW,1680033151.0
Hindupur,13.8289,77.4933,80.38,58,55.0,12.97,IN,1680033151.0
Mount Gambier,-37.8333,140.7667,52.25,91,27.0,4.12,AU,1680032932.0
Naliya,23.2667,68.8333,73.69,70,0.0,9.33,IN,1680033152.0
Severo-Kuril'sk,50.6789,156.125,28.71,79,56.0,12.75,RU,1680032964.0
Lucapa,-8.4192,20.7447,66.56,95,100.0,0.69,AO,1680033152.0
Yellowknife,62.456,-114.3525,7.32,78,100.0,11.5,CA,1680033142.0
Yabēlo,4.8833,38.0833,63.0,72,54.0,8.3,ET,1680033153.0
Ulaanbaatar,47.9077,106.8832,23.13,74,0.0,0.0,MN,1680033153.0
Port Hardy,50.6996,-127.4199,46.58,76,20.0,6.91,CA,1680033072.0
Digha,21.6833,87.55,78.62,88,4.0,12.1,IN,1680033154.0
Dikson,73.5069,80.5464,-11.54,96,100.0,12.86,RU,1680032937.0
Acajutla,13.5928,-89.8275,86.94,58,0.0,9.71,SV,1680033155.0
Pingliang,35.5392,106.6861,46.02,56,43.0,2.46,CN,1680033156.0
Broken Hill,-31.95,141.4333,60.82,74,4.0,10.56,AU,1680033156.0
Puerto Palomas,31.7667,-107.6167,60.6,19,0.0,17.0,MX,1680033157.0
Necochea,-38.5473,-58.7368,79.75,54,94.0,7.43,AR,1680033157.0
Balikpapan,-1.2675,116.8289,77.99,94,20.0,5.75,ID,1680033157.0
Ilulissat,69.2167,-51.1,-6.09,90,3.0,0.78,GL,1680033158.0
Ocós,14.5094,-92.1933,85.87,61,1.0,13.4,GT,1680033158.0
Sakaiminato,35.55,133.2333,39.18,93,20.0,3.44,JP,1680033158.0
Matara,5.9485,80.5353,77.04,89,29.0,3.8,LK,1680033159.0
Lagoa,39.05,-27.9833,58.84,76,1.0,36.53,PT,1680032983.0
Sioux Lookout,50.1001,-91.917,15.87,38,75.0,6.91,CA,1680033103.0
Chifeng,42.2683,118.9636,42.24,37,12.0,7.09,CN,1680033159.0
Qaqortoq,60.7167,-46.0333,30.18,70,15.0,5.06,GL,1680033159.0
Chinar,42.108,48.1432,51.57,73,96.0,6.87,RU,1680033160.0
Nur-Sultan,51.1801,71.446,30.15,93,0.0,2.24,KZ,1680033160.0
Manavālakurichi,8.1333,77.3,80.04,79,69.0,3.33,IN,1680033160.0
Saint George,37.1041,-113.5841,62.26,15,0.0,14.97,US,1680032998.0
Ikalamavony,-21.15,46.5833,69.37,85,100.0,7.02,MG,1680033160.0
Oktyabr'skiy,54.4815,53.471,39.7,83,98.0,11.34,RU,1680033160.0
Biak,-0.9131,122.8766,75.11,87,100.0,5.66,ID,1680033161.0
Hamilton,39.1834,-84.5333,52.95,50,100.0,9.22,US,1680033113.0
Kinablangan,7.6947,126.5503,76.91,87,74.0,6.24,PH,1680033161.0
Eldama Ravine,0.0516,35.7308,58.21,83,73.0,1.45,KE,1680033161.0
Labuhan,-6.8844,112.2051,78.19,85,100.0,4.88,ID,1680033161.0
Ulladulla,-35.35,150.4667,63.77,90,73.0,5.86,AU,1680033161.0
Muroto-misakicho,33.2833,134.15,56.14,57,85.0,8.25,JP,1680033161.0
Santa Cruz de la Sierra,-17.8,-63.1667,87.85,58,40.0,19.57,BO,1680033006.0
Alihe,50.5667,123.7167,29.44,85,28.0,4.76,CN,1680033162.0
Lufilufi,-13.8745,-171.5986,78.58,72,100.0,8.9,WS,1680033162.0
Pangody,65.85,74.4859,7.99,96,100.0,4.68,RU,1680033162.0
Jardim,-21.4803,-56.1381,88.74,55,14.0,4.05,BR,1680033162.0
Norman Wells,65.282,-126.8329,35.64,69,75.0,19.57,CA,1680033163.0
Nome,64.5011,-165.4064,12.27,85,100.0,13.8,US,1680032926.0
Kargasok,59.0556,80.8572,39.09,92,93.0,13.51,RU,1680033163.0
Kalabo,-14.97,22.6814,73.0,71,100.0,5.03,ZM,1680033163.0
Yar-Sale,66.8333,70.8333,-12.69,100,68.0,6.71,RU,1680033163.0
Bambous Virieux,-20.3428,57.7575,75.45,83,20.0,1.14,MU,1680033163.0
Guadalupe y Calvo,26.1,-106.9667,69.24,8,100.0,10.83,MX,1680033164.0
Morgan City,29.6994,-91.2068,75.99,83,100.0,11.23,US,1680033164.0
Rafaela,-31.2503,-61.4867,88.99,35,0.0,4.0,AR,1680033014.0
Seoul,37.5683,126.9778,38.8,87,20.0,3.44,KR,1680032995.0
Manta,-0.95,-80.7333,85.78,70,20.0,6.91,EC,1680033164.0
Irbeyskoye,55.6428,95.4522,39.85,81,100.0,10.65,RU,1680033165.0
Sabang,5.8933,95.3214,82.13,74,99.0,2.28,ID,1680033165.0
Cabo San Lucas,22.8909,-109.9124,85.3,57,80.0,5.01,MX,1680033001.0
Kodinsk,58.6881,99.1844,26.78,98,100.0,4.16,RU,1680033165.0
Nichinan,31.6,131.3667,47.88,62,91.0,3.8,JP,1680033165.0
Northam,51.0333,-4.2167,53.38,97,100.0,9.31,GB,1680033165.0
Madera,37.1666,-119.8343,61.86,47,100.0,12.48,US,1680033165.0
Mehamn,71.0357,27.8492,28.31,86,40.0,3.44,NO,1680033166.0
Nānākuli,21.3906,-158.1547,82.35,80,0.0,11.5,US,1680033166.0
Ovalle,-30.5983,-71.2003,83.53,40,0.0,6.82,CL,1680032921.0
Samdari,25.8167,72.5833,78.24,28,10.0,7.18,IN,1680033166.0
Camabatela,-8.1881,15.375,63.1,99,100.0,3.06,AO,1680033167.0
Kuril'sk,45.2333,147.8833,32.07,68,6.0,4.23,RU,1680033167.0
Athens,37.9795,23.7162,48.24,74,75.0,8.01,GR,1680033075.0
Saldanha,-33.0117,17.9442,62.65,86,99.0,19.46,ZA,1680033167.0
Warrington,53.3925,-2.5802,50.99,90,40.0,6.91,GB,1680033167.0
Coos Bay,43.3665,-124.2179,52.32,75,0.0,10.36,US,1680033167.0
Santiago del Estero,-27.7951,-64.2615,93.88,36,8.0,13.98,AR,1680033087.0
Vardø,70.3705,31.1107,28.38,80,100.0,9.22,NO,1680032933.0
Luganville,-15.5333,167.1667,78.3,85,100.0,3.96,VU,1680033168.0
Kulhudhuffushi,6.6221,73.07,81.64,74,55.0,4.7,MV,1680033168.0
Haines Junction,60.7522,-137.5108,24.75,50,96.0,2.3,CA,1680033068.0
Christchurch,-43.5333,172.6333,44.94,91,75.0,13.8,NZ,1680033169.0
Verkhoyansk,67.5447,133.385,-22.47,100,58.0,3.18,RU,1680033169.0
Shimoda,34.6667,138.95,50.11,83,37.0,12.44,JP,1680033169.0
Kruisfontein,-34.0033,24.7314,62.89,85,53.0,22.84,ZA,1680033169.0
Barkhan,29.8977,69.5256,69.21,36,100.0,7.2,PK,1680033169.0
Port Elizabeth,-33.918,25.5701,65.1,83,0.0,31.07,ZA,1680033031.0
Cascais,38.6979,-9.4215,67.96,57,0.0,5.01,PT,1680033169.0
Humberto de Campos,-2.5983,-43.4611,79.41,87,95.0,4.88,BR,1680033170.0
Margate,51.3813,1.3862,48.9,70,100.0,7.0,GB,1680032974.0
Bac Lieu,9.285,105.7244,79.88,78,24.0,12.44,VN,1680033170.0
San Cristobal,7.7669,-72.225,75.38,46,62.0,4.03,VE,1680033170.0
Ganzhou,28.8184,115.4327,55.06,83,100.0,0.43,CN,1680033170.0
Cherskiy,68.75,161.3,7.61,69,100.0,17.16,RU,1680033075.0
Kenai,60.5544,-151.2583,34.09,87,100.0,9.22,US,1680033170.0
Ishigaki,24.3448,124.1572,71.73,83,75.0,13.8,JP,1680033171.0
Khani,41.9563,42.9566,45.97,81,87.0,3.49,GE,1680033171.0
Chuncheng,22.1731,111.7886,63.39,92,100.0,2.91,CN,1680033171.0
Svetlaya,46.5389,138.3297,33.91,66,1.0,6.35,RU,1680033171.0
Tessalit,20.1986,1.0114,83.43,7,0.0,11.61,ML,1680033171.0
Mossamedes,-15.1961,12.1522,76.12,88,100.0,6.46,AO,1680033171.0
Khāsh,28.2211,61.2158,58.06,54,15.0,13.27,IR,1680033172.0
Rūdbār,30.15,62.6,67.33,58,100.0,9.31,AF,1680033172.0
Zyryanka,65.75,150.85,6.71,79,54.0,13.73,RU,1680033172.0
Macenta,8.5435,-9.471,74.71,80,100.0,1.83,GN,1680033172.0
George Town,5.4112,100.3354,80.53,94,20.0,0.0,MY,1680032945.0
Bitung,1.4451,125.1824,76.05,81,100.0,3.85,ID,1680033172.0
Kamen,51.6,7.6667,46.29,57,0.0,8.05,DE,1680033173.0
Bolobo,-2.1667,16.2333,74.01,90,27.0,4.18,CD,1680033173.0
Lac du Bonnet,50.2536,-96.0612,16.29,67,100.0,9.42,CA,1680033173.0
Havre-St-Pierre,50.2334,-63.5986,34.16,86,100.0,11.5,CA,1680032938.0
Hambantota,6.1241,81.1185,77.86,77,25.0,5.41,LK,1680033173.0
Ballina,-28.8667,153.5667,68.77,89,87.0,6.26,AU,1680033173.0
Moyale,3.5167,39.0584,72.73,64,10.0,3.33,KE,1680033173.0
Plouzané,48.3833,-4.6167,53.92,100,100.0,13.8,FR,1680033174.0
Saint-Augustin,51.226,-58.6502,36.16,73,100.0,4.85,CA,1680033174.0
Erzin,36.9559,36.2,56.52,86,71.0,8.05,TR,1680033174.0
Santiago de Cuba,20.0247,-75.8219,85.28,53,0.0,7.36,CU,1680033174.0
Saint-Pierre,-21.3393,55.4781,74.88,64,20.0,5.75,RE,1680033174.0
Ubari,26.5921,12.7805,72.32,12,0.0,7.14,LY,1680033174.0
Manaus,-3.1019,-60.025,88.3,62,40.0,6.91,BR,1680033175.0
Half Moon Bay,37.4636,-122.4286,52.61,91,75.0,20.71,US,1680033139.0
Inyonga,-6.7167,32.0667,65.75,93,100.0,2.82,TZ,1680033175.0
Kokkari,37.7764,26.8939,53.92,78,96.0,18.01,GR,1680033175.0
Whitianga,-36.8333,175.7,50.92,81,18.0,9.33,NZ,1680032911.0
Shoreline,47.7557,-122.3415,59.9,30,0.0,11.99,US,1680033073.0
Cockburn Town,21.4612,-71.1419,77.54,74,1.0,15.95,TC,1680033175.0
Stornoway,58.2093,-6.3865,44.92,89,100.0,9.22,GB,1680033176.0
Havøysund,70.9963,24.6622,26.83,69,100.0,2.59,NO,1680032980.0
Terrace Bay,48.7834,-87.1,24.26,65,92.0,11.18,CA,1680033053.0
Heihe,50.2441,127.4902,41.58,46,100.0,11.92,CN,1680033176.0
Cidreira,-30.1811,-50.2056,74.75,73,0.0,15.43,BR,1680033176.0
Deniliquin,-35.5333,144.9667,62.22,89,100.0,5.44,AU,1680033176.0
Wuxue,29.8506,115.5525,56.73,72,100.0,1.57,CN,1680033177.0
Niceville,30.5169,-86.4822,74.75,90,40.0,10.36,US,1680032901.0
Zhezkazgan,47.8043,67.7144,46.89,59,0.0,9.6,KZ,1680033177.0
Yambio,4.5721,28.3955,72.21,82,100.0,4.59,SS,1680033177.0
North Bend,43.4065,-124.2243,52.25,75,0.0,10.36,US,1680033177.0
Shizuishan,39.2333,106.7694,46.83,15,0.0,4.63,CN,1680033178.0
Mukhtolovo,55.4644,43.1953,42.04,82,100.0,10.51,RU,1680033178.0
Koutsouras,35.0339,25.9469,60.12,33,0.0,11.05,GR,1680033178.0
Port Angeles,48.1181,-123.4307,57.52,51,0.0,11.5,US,1680033178.0
Manzhouli,49.6,117.4333,37.26,70,14.0,19.17,CN,1680033178.0
Lüderitz,-26.6481,15.1594,63.48,80,0.0,12.01,NA,1680033178.0
Payson,40.0444,-111.7321,48.04,29,20.0,6.91,US,1680033179.0
Borogontsy,62.6683,131.1683,15.19,94,100.0,3.76,RU,1680033179.0
San Quintín,30.4833,-115.95,64.31,49,0.0,12.19,MX,1680033179.0
Padang,-0.9492,100.3543,78.26,89,99.0,3.53,ID,1680033179.0
Xining,36.6167,101.7667,36.99,40,56.0,1.36,CN,1680033179.0
Houma,29.5958,-90.7195,77.0,89,40.0,8.05,US,1680033179.0
Boa Vista,2.8197,-60.6733,89.58,43,75.0,10.36,BR,1680033009.0
Sibolga,1.7427,98.7792,75.11,91,93.0,3.83,ID,1680033035.0
Sturgeon Bay,44.8342,-87.377,39.18,41,0.0,6.91,US,1680033054.0
Santa Lucía,27.9117,-15.5407,67.77,68,0.0,17.27,ES,1680033180.0
Plettenberg Bay,-34.0527,23.3716,62.58,81,34.0,13.06,ZA,1680033180.0
Shenjiamen,29.9576,122.298,52.61,81,100.0,6.4,CN,1680033180.0
Maromitsa,59.8683,48.0123,20.25,94,28.0,4.92,RU,1680033180.0
Lianzhou,24.7811,112.3825,57.24,98,100.0,0.11,CN,1680033181.0
Bathsheba,13.2167,-59.5167,86.61,48,20.0,24.16,BB,1680033181.0
Saint-Joseph,-21.3667,55.6167,73.78,68,93.0,2.28,RE,1680033181.0
Alofi,-19.0595,-169.9187,78.69,89,59.0,8.05,NU,1680033181.0
Bainbridge Island,47.6262,-122.5212,60.82,32,75.0,7.0,US,1680033024.0
Meulaboh,4.1363,96.1285,76.41,87,93.0,2.75,ID,1680033182.0
Heraclea,37.5133,34.0467,49.28,37,0.0,14.5,TR,1680033182.0
Lambaréné,-0.7001,10.2406,75.38,94,100.0,2.01,GA,1680033183.0
Upington,-28.4478,21.2561,77.38,47,15.0,12.66,ZA,1680033183.0
Folsom,38.678,-121.1761,50.54,85,100.0,18.41,US,1680032904.0
Khovd,48.0056,91.6419,33.89,36,18.0,1.21,MN,1680033184.0
Mandalī,33.7499,45.5541,65.35,62,1.0,7.92,IQ,1680033184.0
Tefé,-3.3542,-64.7114,80.71,94,40.0,2.3,BR,1680033185.0
Makkah al Mukarramah,21.4267,39.8261,75.7,41,4.0,6.64,SA,1680032992.0
Ouésso,1.6136,16.0517,71.76,97,71.0,6.15,CG,1680033185.0
Anjozorobe,-18.4,47.8667,63.03,98,100.0,7.45,MG,1680033186.0
Dicabisagan,17.0818,122.4157,74.88,88,97.0,1.16,PH,1680033186.0
Batagay-Alyta,67.8006,130.4114,-20.47,94,92.0,6.17,RU,1680033186.0
Takapau,-40.0333,176.35,43.74,75,7.0,9.75,NZ,1680033187.0
Wewak,-3.5534,143.6268,78.76,80,100.0,3.38,PG,1680033187.0
Okhotsk,59.3833,143.3,13.17,96,100.0,4.97,RU,1680033187.0
Riyadh,24.6877,46.7219,69.94,30,0.0,8.08,SA,1680033188.0
Faanui,-16.4833,-151.75,82.54,74,88.0,11.32,PF,1680032929.0
Hervey Bay,-25.2986,152.8535,75.38,78,66.0,4.5,AU,1680033188.0
Rognedino,53.8015,33.5576,46.53,75,100.0,15.21,RU,1680033189.0
Pozo Colorado,-23.4923,-58.7972,91.31,47,99.0,7.07,PY,1680033190.0
Qasigiannguit,68.8193,-51.1922,12.45,96,6.0,1.01,GL,1680032996.0
Bulalacao,12.3254,121.3435,77.56,84,100.0,14.18,PH,1680033191.0
Joshīmath,30.5667,79.5667,44.53,61,14.0,7.43,IN,1680033192.0
Airai,-8.9266,125.4092,58.69,90,99.0,1.23,TL,1680033193.0
Merauke,-8.4667,140.3333,77.02,92,100.0,8.57,ID,1680033193.0
Grand Gaube,-20.0064,57.6608,75.6,78,41.0,1.99,MU,1680033193.0
Jódar,37.8406,-3.3526,63.48,37,61.0,2.68,ES,1680033194.0
Duartina,-22.4144,-49.4039,88.95,64,60.0,0.27,BR,1680033195.0
Hong Kong,22.2855,114.1577,68.38,91,100.0,11.01,HK,1680033181.0
Kigoma,-4.8769,29.6267,72.19,88,20.0,0.0,TZ,1680033196.0
Berlevåg,70.8578,29.0864,28.35,69,100.0,8.05,NO,1680033196.0
Seybaplaya,19.65,-90.6667,89.24,52,18.0,9.89,MX,1680033197.0
Pontian Kecil,1.4801,103.3899,77.32,91,13.0,6.96,MY,1680033197.0
Rottingdean,50.8098,-0.0594,48.81,85,100.0,8.01,GB,1680033197.0
Rome,43.2128,-75.4557,45.37,61,100.0,13.8,US,1680033003.0
Marsh Harbour,26.5412,-77.0636,78.13,65,12.0,5.59,BS,1680033198.0
Cappelle-la-Grande,50.9998,2.3585,46.15,53,100.0,5.01,FR,1680032937.0
Rauma,61.1272,21.5113,26.64,95,22.0,4.83,FI,1680033199.0
Husavik,66.0449,-17.3389,21.06,85,93.0,11.74,IS,1680033199.0
Thurso,58.5927,-3.5259,43.05,94,100.0,8.81,GB,1680033120.0
Neiafu,-18.65,-173.9833,81.28,89,75.0,11.5,TO,1680033200.0
Sur,22.5667,59.5289,79.25,66,42.0,2.82,OM,1680033200.0
Zhangjiakou Shi Xuanhua Qu,40.6103,115.0447,50.4,21,1.0,2.8,CN,1680033200.0
Nizip,37.0097,37.7942,51.93,83,0.0,9.93,TR,1680033201.0
Sørland,67.667,12.6934,29.91,48,0.0,9.35,NO,1680033201.0
Port Blair,11.6667,92.75,78.67,73,17.0,2.68,IN,1680032930.0
Srednekolymsk,67.45,153.6833,0.73,85,70.0,6.29,RU,1680032969.0
Sakhnovshchyna,49.1517,35.872,46.74,79,100.0,13.04,UA,1680033202.0
Beringovskiy,63.05,179.3167,28.85,97,100.0,16.71,RU,1680032983.0
Haapiti,-17.5667,-149.8667,87.53,76,81.0,9.51,PF,1680033203.0
Tsaratanana,-16.7833,47.65,74.01,94,100.0,2.48,MG,1680033203.0
Klaksvík,62.2266,-6.589,40.12,65,100.0,27.18,FO,1680033204.0
Shibetsu,43.659,145.132,30.79,91,15.0,3.06,JP,1680033204.0
Nushki,29.5542,66.0215,65.17,54,96.0,11.03,PK,1680033204.0
Acapulco de Juárez,16.8634,-99.8901,85.98,52,0.0,8.59,MX,1680032917.0
Mount Isa,-20.7333,139.5,69.57,83,14.0,3.44,AU,1680033205.0
Kyaikkami,16.08,97.5675,81.63,69,6.0,7.09,MM,1680033205.0
Hualmay,-11.0964,-77.6139,79.27,68,100.0,8.37,PE,1680033206.0
Sinnamary,5.3833,-52.95,78.12,85,83.0,12.24,GF,1680033206.0
Cervo,43.6702,-7.4101,58.96,75,93.0,5.73,ES,1680033206.0
Eureka,40.8021,-124.1637,49.68,86,100.0,16.31,US,1680033032.0
Gorin,51.1983,136.6669,22.75,94,98.0,4.25,RU,1680033207.0
Vertou,47.1687,-1.4693,54.99,66,0.0,4.61,FR,1680033207.0
Oregon,44.0001,-120.5014,34.57,95,100.0,22.55,US,1680033207.0
Samarai,-10.6167,150.6667,82.35,75,20.0,12.12,PG,1680033208.0
Balaipungut,1.05,101.2833,73.96,97,4.0,1.36,ID,1680033208.0
Risti,58.9975,24.058,30.52,84,45.0,3.83,EE,1680033209.0
Chapais,49.7834,-74.8492,28.18,67,100.0,3.29,CA,1680033209.0
Barbalha,-7.3111,-39.3042,87.6,51,75.0,4.61,BR,1680033210.0
Nampa,43.5407,-116.5635,46.04,57,20.0,16.11,US,1680033210.0
Bambanglipuro,-7.95,110.2833,77.5,84,99.0,3.02,ID,1680033211.0
Erenhot,43.6475,111.9767,42.76,22,0.0,4.76,CN,1680033211.0
Lemoore,36.3008,-119.7829,67.3,50,100.0,12.66,US,1680033186.0
Tezu,27.9167,96.1667,63.55,68,81.0,4.43,IN,1680033212.0
Kahramanmaraş Province,38.0,37.0,42.89,90,74.0,10.94,TR,1680033212.0
Bud,39.447,-86.1758,51.15,51,100.0,7.65,US,1680033059.0
Black River,18.0264,-77.8487,82.56,64,9.0,14.5,JM,1680033213.0
Kahului,20.8947,-156.47,78.96,67,20.0,4.61,US,1680033055.0
Tazovsky,67.4667,78.7,1.45,98,100.0,5.17,RU,1680033213.0
Sagana,-0.6667,37.2,67.06,86,88.0,1.61,KE,1680033213.0
Maniitsoq,65.4167,-52.9,18.39,75,13.0,5.12,GL,1680033214.0
Cambrils,41.0748,1.0524,58.05,79,20.0,1.14,ES,1680033214.0
Asău,46.4333,26.4,33.28,76,92.0,2.44,RO,1680033214.0
Bonavista,48.6499,-53.1147,30.96,95,100.0,18.32,CA,1680033034.0
Lithakia,37.7167,20.8333,51.17,46,0.0,33.11,GR,1680033215.0
Parkes,-33.1333,148.1833,67.35,78,84.0,13.62,AU,1680033216.0
Mezen',65.8522,44.24,0.19,100,71.0,3.51,RU,1680033216.0
Isangel,-19.55,169.2667,78.91,89,75.0,4.61,VU,1680033216.0
Palmer,42.1584,-72.3287,49.62,47,75.0,10.36,US,1680033217.0
Neuquén,-38.9516,-68.0591,78.69,34,40.0,3.44,AR,1680033217.0
Mahesāna,23.6,72.4,76.12,32,0.0,6.67,IN,1680033218.0
Varkala,8.7341,76.7067,85.78,80,75.0,3.74,IN,1680033218.0
Najrān,17.4924,44.1277,77.65,25,66.0,4.05,SA,1680033067.0
Gogrial,8.5332,28.1004,88.03,19,68.0,4.27,SS,1680033218.0
São Miguel do Araguaia,-13.275,-50.1628,84.6,70,28.0,3.38,BR,1680032925.0
Porto-Novo,6.4965,2.6036,84.02,79,88.0,9.46,BJ,1680033219.0
Atbasar,51.8,68.3333,30.27,87,0.0,2.8,KZ,1680033219.0
Carballo,43.213,-8.691,67.42,48,82.0,5.53,ES,1680033219.0
Hamamatsu,34.7,137.7333,52.92,70,13.0,2.08,JP,1680033219.0
Mitú,1.1983,-70.1733,79.47,89,100.0,1.77,CO,1680033219.0
Laas,46.6166,10.7002,43.68,58,62.0,3.69,IT,1680033219.0
Coyhaique,-45.5752,-72.0662,39.15,93,100.0,6.91,CL,1680033016.0
Guerrero Negro,27.9769,-114.0611,71.44,26,0.0,15.5,MX,1680033220.0
Mtwango,-9.0167,34.8,56.79,96,100.0,4.52,TZ,1680033220.0
La Ronge,55.1001,-105.2842,12.45,28,0.0,9.22,CA,1680033220.0
Kapit,2.0167,112.9333,73.2,99,100.0,0.72,MY,1680033220.0
Antofagasta,-23.65,-70.4,72.68,74,7.0,9.62,CL,1680033094.0
Kashgar,39.4547,75.9797,58.21,19,100.0,6.71,CN,1680033221.0
Udachny,66.4167,112.4,-20.31,100,100.0,3.29,RU,1680033075.0
Mackay,-21.15,149.2,69.67,85,53.0,4.56,AU,1680033221.0
Aitape,-3.1374,142.3475,76.86,85,100.0,3.94,PG,1680033221.0
Jaraguá do Sul,-26.4861,-49.0667,78.49,80,98.0,3.49,BR,1680033222.0
Namatanai,-3.6667,152.4333,79.09,81,99.0,3.85,PG,1680033222.0
Shingū,33.7333,135.9833,46.4,63,27.0,5.84,JP,1680033222.0
Lima,-12.0432,-77.0282,80.85,61,0.0,16.11,PE,1680033060.0
Vilhena,-12.7406,-60.1458,88.02,51,75.0,12.66,BR,1680033222.0
Kerchevskiy,59.946,56.2884,21.29,80,53.0,8.81,RU,1680033223.0
Gerāsh,27.6652,54.1371,62.74,54,0.0,10.18,IR,1680033223.0
Lata,40.1629,-8.3327,60.84,58,100.0,2.06,PT,1680032988.0
Omsukchan,62.5333,155.8,-5.04,96,9.0,8.9,RU,1680033223.0
Bluefield,37.2698,-81.2223,58.57,41,100.0,5.75,US,1680032940.0
Guánica,17.9716,-66.908,86.68,63,2.0,13.73,PR,1680033224.0
Massaguet,12.4755,15.4365,82.63,18,92.0,10.56,TD,1680033224.0
Mackenzie,55.2999,-123.1698,28.62,54,0.0,3.44,CA,1680033224.0
Salisbury,51.0693,-1.7957,50.49,97,100.0,10.36,GB,1680033224.0
Sangīn,32.0728,64.8359,59.5,79,100.0,11.05,AF,1680033224.0
Caconda,-13.7333,15.0667,61.79,96,100.0,3.74,AO,1680033224.0
São João da Barra,-21.6403,-41.0511,84.29,79,43.0,11.05,BR,1680033016.0
Clyde,41.3042,-82.9752,48.67,51,100.0,7.43,US,1680033225.0
Knevichi,43.3992,132.1803,30.22,100,100.0,4.47,RU,1680033225.0
Sexsmith,55.35,-118.786,27.75,59,20.0,4.61,CA,1680033225.0
Phonhong,18.5007,102.4166,75.33,69,0.0,2.3,LA,1680033225.0
Puerto del Rosario,28.5004,-13.8627,67.75,77,0.0,10.36,ES,1680033226.0
Mopipi,-21.1833,24.8833,70.83,62,21.0,7.47,BW,1680033226.0
Mirny,62.5353,113.9611,8.24,78,100.0,13.0,RU,1680033226.0
Vanavara,60.34,102.2797,-1.75,100,99.0,2.33,RU,1680033226.0
Butembo,0.15,29.2833,56.82,96,91.0,2.95,CD,1680033226.0
Pangoa,-12.1167,-73.0,85.06,50,88.0,4.47,PE,1680032995.0
Kholtoson,50.2981,103.3097,25.34,82,27.0,3.31,RU,1680033227.0
Huaihua,27.5494,109.9592,50.43,97,100.0,2.57,CN,1680033227.0
Peleduy,59.6289,112.7406,18.57,92,100.0,11.99,RU,1680033227.0
Luleå,65.5842,22.1547,24.87,63,100.0,5.75,SE,1680033227.0
Mafinga,-7.25,35.0667,66.88,94,100.0,2.66,TZ,1680033227.0
Vao,-22.6667,167.4833,76.78,77,86.0,15.03,NC,1680033227.0
Upata,8.0086,-62.3989,85.19,59,100.0,7.49,VE,1680033227.0
Vung Tau,10.346,107.0843,79.74,81,53.0,17.98,VN,1680033228.0
Beba,22.4437,-79.7253,85.86,50,66.0,13.13,CU,1680033228.0
Berdigestyakh,62.0989,126.6992,12.61,95,100.0,9.1,RU,1680033228.0
Gouyave,12.1646,-61.7296,83.17,65,40.0,19.57,GD,1680033228.0
Tres Arroyos,-38.3739,-60.2798,79.72,53,94.0,7.29,AR,1680033228.0
Burnie,-41.0667,145.9167,53.94,96,20.0,7.56,AU,1680033229.0
Río Gallegos,-51.6226,-69.2181,46.45,36,40.0,19.57,AR,1680033229.0
Yangi Marg`ilon,40.4272,71.7189,57.92,44,94.0,6.91,UZ,1680033229.0
São Filipe,14.8961,-24.4956,76.21,68,0.0,12.88,CV,1680033229.0
Beihai,21.4833,109.1,63.79,89,100.0,9.86,CN,1680033229.0
Banda Aceh,5.5577,95.3222,79.5,80,61.0,2.48,ID,1680033229.0
Biltine,14.5333,20.9167,87.06,19,95.0,6.67,TD,1680033229.0
Luján,-34.5703,-59.105,88.02,43,0.0,5.99,AR,1680033071.0
Paranaíba,-19.6772,-51.1908,87.35,63,20.0,0.67,BR,1680033230.0
Ambovombe,-25.1667,46.0833,66.74,63,3.0,5.95,MG,1680033230.0
Ha Giang,22.8333,104.9833,67.26,88,100.0,1.61,VN,1680033230.0
Salinópolis,-0.6136,-47.3561,78.15,86,90.0,6.69,BR,1680033230.0
Westport,41.1415,-73.3579,52.29,48,98.0,7.0,US,1680033230.0
Cururupu,-1.8283,-44.8683,79.56,87,70.0,4.09,BR,1680033039.0
Kawambwa,-9.7915,29.0791,61.41,98,92.0,2.51,ZM,1680033231.0
Port-Gentil,-0.7193,8.7815,78.76,89,20.0,5.75,GA,1680033063.0
Maun,-19.9833,23.4167,73.36,73,0.0,8.05,BW,1680033231.0
Marzuq,14.4,46.4667,75.34,67,45.0,3.42,YE,1680033231.0
Aksarka,66.5606,67.7975,-15.41,100,85.0,2.24,RU,1680033231.0
The Pas,53.8251,-101.2541,14.02,44,20.0,13.8,CA,1680033231.0
Camopi,3.1655,-52.3158,77.74,96,99.0,3.89,GF,1680033232.0
Oranjemund,-28.55,16.4333,61.95,92,0.0,8.14,NA,1680033232.0
Bagdogra,26.7,88.3167,72.41,40,0.0,7.27,IN,1680033232.0
Fayaoué,-20.65,166.5333,79.48,76,99.0,17.83,NC,1680033232.0
Keroka,-0.7758,34.9453,55.94,99,100.0,1.63,KE,1680033232.0
Ranong,9.9658,98.6348,78.24,77,68.0,3.76,TH,1680033232.0
Lakatoro,-16.0999,167.4164,79.09,80,100.0,3.49,VU,1680033232.0
Shurugwi,-19.6702,30.0059,53.78,94,6.0,2.95,ZW,1680033233.0
Moses Lake,47.1301,-119.2781,53.96,32,0.0,21.85,US,1680033055.0
Avilés,43.5547,-5.9248,60.37,54,0.0,5.75,ES,1680033233.0
Boshnyakovo,49.6333,142.1667,26.08,82,13.0,7.72,RU,1680033233.0
Toamasina,-18.1667,49.3833,75.2,100,75.0,6.91,MG,1680033233.0
Kamenka,51.3223,42.7678,48.88,61,100.0,12.17,RU,1680033233.0
Dohad,22.8333,74.2667,78.22,20,0.0,2.64,IN,1680033233.0
Santa Marta,11.2408,-74.199,95.05,56,20.0,24.0,CO,1680033234.0
Te Anau,-45.4167,167.7167,37.6,80,14.0,3.85,NZ,1680033234.0
Itacoatiara,-3.1431,-58.4442,82.81,82,95.0,2.01,BR,1680033234.0
Keffi,8.8486,7.8736,88.27,20,40.0,3.11,NG,1680033234.0
Kristinehamn,59.3098,14.1081,30.76,77,71.0,4.05,SE,1680033234.0
Sorong,-0.8833,131.25,78.31,82,100.0,2.98,ID,1680033234.0
Ati,13.2154,18.3353,87.96,18,69.0,11.21,TD,1680033234.0
